time,sx_x,sx_y,sx_z,mat_x,mat_y,mat_z,vicon_x,vicon_y,vicon_z
0.000000000000000000e+00,4.350000000000001088e-01,0.000000000000000000e+00,0.000000000000000000e+00,4.349999999999999978e-01,0.000000000000000000e+00,0.000000000000000000e+00,4.352851314848001918e-01,5.026444809759424148e-03,-2.162241612284412917e-02
9.999999999999786837e-03,4.350192906167856255e-01,0.000000000000000000e+00,0.000000000000000000e+00,4.350192065651173889e-01,0.000000000000000000e+00,0.000000000000000000e+00,4.353013626080114440e-01,4.987813081143425975e-03,-2.174676401035224860e-02
1.999999999999957367e-02,4.350386282355122591e-01,0.000000000000000000e+00,0.000000000000000000e+00,4.350382060104004411e-01,0.000000000000000000e+00,0.000000000000000000e+00,4.353002849670775110e-01,5.005309102889363149e-03,-2.179028272732694282e-02
2.999999999999936051e-02,4.350576863448777365e-01,0.000000000000000000e+00,0.000000000000000000e+00,4.350572054556834933e-01,0.000000000000000000e+00,0.000000000000000000e+00,4.353096858117541101e-01,4.974204578171222135e-03,-2.168980260738778698e-02
4.000000000000092371e-02,4.350764684468860222e-01,0.000000000000000000e+00,0.000000000000000000e+00,4.350756692345097432e-01,0.000000000000000000e+00,0.000000000000000000e+00,4.352938840494862127e-01,5.219984694305505879e-03,-2.202735383453521822e-02
5.000000000000071054e-02,4.350949781973177388e-01,0.000000000000000000e+00,0.000000000000000000e+00,4.350940800450543988e-01,0.000000000000000000e+00,0.000000000000000000e+00,4.353164711962673739e-01,4.991604598900807599e-03,-2.171122143709075525e-02
6.000000000000049738e-02,4.351132195380741363e-01,0.000000000000000000e+00,0.000000000000000000e+00,4.351120964482127484e-01,0.000000000000000000e+00,0.000000000000000000e+00,4.352815456658448712e-01,5.231704823927270376e-03,-2.183317599645859253e-02
7.000000000000028422e-02,4.351311967060032537e-01,0.000000000000000000e+00,0.000000000000000000e+00,4.351299257064024095e-01,0.000000000000000000e+00,0.000000000000000000e+00,4.352974870087943371e-01,5.031255711396537267e-03,-2.177341876128954801e-02
8.000000000000007105e-02,4.351489144372277518e-01,0.000000000000000000e+00,0.000000000000000000e+00,4.351477254294581765e-01,0.000000000000000000e+00,0.000000000000000000e+00,4.353092449784226048e-01,5.074669700389902727e-03,-2.156584533217187349e-02
8.999999999999985789e-02,4.351663763284326358e-01,0.000000000000000000e+00,0.000000000000000000e+00,4.351653195104188687e-01,0.000000000000000000e+00,0.000000000000000000e+00,4.352994950895617832e-01,4.989904677609222072e-03,-2.161147722999037790e-02
9.999999999999964473e-02,4.351835851841566183e-01,0.000000000000000000e+00,0.000000000000000000e+00,4.351826798888493997e-01,0.000000000000000000e+00,0.000000000000000000e+00,4.352855087673751511e-01,5.058300589878848841e-03,-2.170654101386590429e-02
1.099999999999994316e-01,4.352005441131142072e-01,0.000000000000000000e+00,0.000000000000000000e+00,4.351998065647496583e-01,0.000000000000000000e+00,0.000000000000000000e+00,4.352768842834656704e-01,5.168732905479284101e-03,-2.168367531991080566e-02
1.200000000000009948e-01,4.352172574711382635e-01,0.000000000000000000e+00,0.000000000000000000e+00,4.352166995381198111e-01,0.000000000000000000e+00,0.000000000000000000e+00,4.352753427850204471e-01,5.025881027830331194e-03,-2.165748572876949329e-02
1.300000000000007816e-01,4.352337286631588475e-01,0.000000000000000000e+00,0.000000000000000000e+00,4.352333588089599137e-01,0.000000000000000000e+00,0.000000000000000000e+00,4.352893320928660215e-01,4.923047537004371366e-03,-2.109412167555846374e-02
1.400000000000005684e-01,4.352499615876373462e-01,0.000000000000000000e+00,0.000000000000000000e+00,4.352497843772697439e-01,0.000000000000000000e+00,0.000000000000000000e+00,4.352953148983649267e-01,5.074104107002500030e-03,-2.094721657109829827e-02
1.500000000000003553e-01,4.352659604492054579e-01,0.000000000000000000e+00,0.000000000000000000e+00,4.352659762430493018e-01,0.000000000000000000e+00,0.000000000000000000e+00,4.352972421031097161e-01,5.038875217459520828e-03,-2.102276358835819536e-02
1.600000000000001421e-01,4.352817277968864529e-01,0.000000000000000000e+00,0.000000000000000000e+00,4.352819344062988094e-01,0.000000000000000000e+00,0.000000000000000000e+00,4.353056886545627613e-01,5.128367424256818907e-03,-2.093287864991763558e-02
1.699999999999999289e-01,4.352972663190355918e-01,0.000000000000000000e+00,0.000000000000000000e+00,4.352976588670181557e-01,0.000000000000000000e+00,0.000000000000000000e+00,4.353071443834463095e-01,5.192362942025088857e-03,-2.099404454061168379e-02
1.799999999999997158e-01,4.353125791195104899e-01,0.000000000000000000e+00,0.000000000000000000e+00,4.353131496252071742e-01,0.000000000000000000e+00,0.000000000000000000e+00,4.353126874559294368e-01,5.084449622326653317e-03,-2.092962262920217142e-02
1.899999999999995026e-01,4.353276697772610615e-01,0.000000000000000000e+00,0.000000000000000000e+00,4.353284066808661978e-01,0.000000000000000000e+00,0.000000000000000000e+00,4.352965574845371055e-01,5.042357332594539499e-03,-2.145912164859112292e-02
2.000000000000010658e-01,4.353425426394711972e-01,0.000000000000000000e+00,0.000000000000000000e+00,4.353434300339949492e-01,0.000000000000000000e+00,0.000000000000000000e+00,4.353003994372748320e-01,4.830206712638958344e-03,-2.141739607368048359e-02
2.100000000000008527e-01,4.353572018482115280e-01,0.000000000000000000e+00,0.000000000000000000e+00,4.353582196845934837e-01,0.000000000000000000e+00,0.000000000000000000e+00,4.352816833245543027e-01,5.105506087149089267e-03,-2.171187303864485774e-02
2.200000000000006395e-01,4.353716492566744867e-01,0.000000000000000000e+00,0.000000000000000000e+00,4.353727756326618570e-01,0.000000000000000000e+00,0.000000000000000000e+00,4.352895453270492210e-01,5.108271407892953087e-03,-2.153311499763899128e-02
2.300000000000004263e-01,4.353858870962134531e-01,0.000000000000000000e+00,0.000000000000000000e+00,4.353870978782002354e-01,0.000000000000000000e+00,0.000000000000000000e+00,4.352889568514095586e-01,4.966892949053863804e-03,-2.155816281488714958e-02
2.400000000000002132e-01,4.353999179145419118e-01,0.000000000000000000e+00,0.000000000000000000e+00,4.354011864212081750e-01,0.000000000000000000e+00,0.000000000000000000e+00,4.353066192556119818e-01,5.190310640074032034e-03,-2.099550157822116514e-02
2.500000000000000000e-01,4.354137446634447906e-01,0.000000000000000000e+00,0.000000000000000000e+00,4.354150412616860644e-01,0.000000000000000000e+00,0.000000000000000000e+00,4.353299006490172207e-01,5.018123885134763429e-03,-2.093935993712614518e-02
2.599999999999997868e-01,4.354273708396420584e-01,0.000000000000000000e+00,0.000000000000000000e+00,4.354286623996337369e-01,0.000000000000000000e+00,0.000000000000000000e+00,4.353351543244788902e-01,5.110217627074885305e-03,-2.084569536933258971e-02
2.699999999999995737e-01,4.354408001683225948e-01,0.000000000000000000e+00,0.000000000000000000e+00,4.354420498350513591e-01,0.000000000000000000e+00,0.000000000000000000e+00,4.353252933480833420e-01,4.942596661606075970e-03,-2.095648334380262323e-02
2.799999999999993605e-01,4.354540361710473317e-01,0.000000000000000000e+00,0.000000000000000000e+00,4.354552035679385980e-01,0.000000000000000000e+00,0.000000000000000000e+00,4.353196808405223051e-01,5.078690177186456767e-03,-2.090595426854677252e-02
2.900000000000009237e-01,4.354670810026717853e-01,0.000000000000000000e+00,0.000000000000000000e+00,4.354685097927187831e-01,0.000000000000000000e+00,0.000000000000000000e+00,4.353194379527522972e-01,5.059131585719828239e-03,-2.078057361162502503e-02
3.000000000000007105e-01,4.354799367882591921e-01,0.000000000000000000e+00,0.000000000000000000e+00,4.354816916934093340e-01,0.000000000000000000e+00,0.000000000000000000e+00,4.353027254020970238e-01,5.128983892227975683e-03,-2.090183343938295524e-02
3.100000000000004974e-01,4.354926059970357088e-01,0.000000000000000000e+00,0.000000000000000000e+00,4.354946824432346375e-01,0.000000000000000000e+00,0.000000000000000000e+00,4.353072155425296019e-01,5.107144547250523636e-03,-2.154578694883824141e-02
3.200000000000002842e-01,4.355050912762125637e-01,0.000000000000000000e+00,0.000000000000000000e+00,4.355074820421945270e-01,0.000000000000000000e+00,0.000000000000000000e+00,4.353015359908163351e-01,5.270247912425231329e-03,-2.164942044857409709e-02
3.300000000000000711e-01,4.355173956166008553e-01,0.000000000000000000e+00,0.000000000000000000e+00,4.355200904902893910e-01,0.000000000000000000e+00,0.000000000000000000e+00,4.353062801822873418e-01,5.056259582041311429e-03,-2.137714695301301537e-02
3.399999999999998579e-01,4.355295222191753468e-01,0.000000000000000000e+00,0.000000000000000000e+00,4.355325077875189521e-01,0.000000000000000000e+00,0.000000000000000000e+00,4.353000943006956058e-01,5.086409783945845808e-03,-2.126773274036938832e-02
3.499999999999996447e-01,4.355414739921956158e-01,0.000000000000000000e+00,0.000000000000000000e+00,4.355447339338834323e-01,0.000000000000000000e+00,0.000000000000000000e+00,4.352963368992648352e-01,5.043491094061706981e-03,-2.112641884924190694e-02
3.599999999999994316e-01,4.355532528393181724e-01,0.000000000000000000e+00,0.000000000000000000e+00,4.355567689293825540e-01,0.000000000000000000e+00,0.000000000000000000e+00,4.353059621202033380e-01,4.913081694479688732e-03,-2.088282659751350412e-02
3.700000000000009948e-01,4.355648608109265463e-01,0.000000000000000000e+00,0.000000000000000000e+00,4.355686127740164837e-01,0.000000000000000000e+00,0.000000000000000000e+00,4.353035765783228594e-01,5.158056441883572540e-03,-2.089152540355287968e-02
3.800000000000007816e-01,4.355763002607470624e-01,0.000000000000000000e+00,0.000000000000000000e+00,4.355802654677851660e-01,0.000000000000000000e+00,0.000000000000000000e+00,4.353022536166734069e-01,5.006543501299622057e-03,-2.087199331275643721e-02
3.900000000000005684e-01,4.355875737747653687e-01,0.000000000000000000e+00,0.000000000000000000e+00,4.355917270106886563e-01,0.000000000000000000e+00,0.000000000000000000e+00,4.352960189846487582e-01,4.933725463939997447e-03,-2.096220151853483982e-02
4.000000000000003553e-01,4.355986842361657674e-01,0.000000000000000000e+00,0.000000000000000000e+00,4.356029974027270102e-01,0.000000000000000000e+00,0.000000000000000000e+00,4.352939658713158577e-01,5.083499326112031480e-03,-2.091227840905951485e-02
4.100000000000001421e-01,4.356096348765500781e-01,0.000000000000000000e+00,0.000000000000000000e+00,4.356140766439001166e-01,0.000000000000000000e+00,0.000000000000000000e+00,4.352964111358593735e-01,4.898201366408082291e-03,-2.084866530331200285e-02
4.199999999999999289e-01,4.356204272815152323e-01,0.000000000000000000e+00,0.000000000000000000e+00,4.356249647342078646e-01,0.000000000000000000e+00,0.000000000000000000e+00,4.352822636951775293e-01,5.110298675928090506e-03,-2.094101765381720104e-02
4.299999999999997158e-01,4.356310629953063507e-01,0.000000000000000000e+00,0.000000000000000000e+00,4.356356616736504206e-01,0.000000000000000000e+00,0.000000000000000000e+00,4.352910783412482498e-01,5.154144640873728478e-03,-2.093901181861484995e-02
4.399999999999995026e-01,4.356415439871679784e-01,0.000000000000000000e+00,0.000000000000000000e+00,4.356461674622280067e-01,0.000000000000000000e+00,0.000000000000000000e+00,4.352901731715055345e-01,5.087451543232014706e-03,-2.096123265010141345e-02
4.500000000000010658e-01,4.356518726525276386e-01,0.000000000000000000e+00,0.000000000000000000e+00,4.356564820999402343e-01,0.000000000000000000e+00,0.000000000000000000e+00,4.352871188726972207e-01,5.058614633808411476e-03,-2.094682898515479175e-02
4.600000000000008527e-01,4.356620518520779028e-01,0.000000000000000000e+00,0.000000000000000000e+00,4.356666055867872700e-01,0.000000000000000000e+00,0.000000000000000000e+00,4.352861499474414142e-01,4.987155893542344343e-03,-2.089919422233887936e-02
4.700000000000006395e-01,4.356720851826758056e-01,0.000000000000000000e+00,0.000000000000000000e+00,4.356765379227688917e-01,0.000000000000000000e+00,0.000000000000000000e+00,4.352789500860272387e-01,5.111692722042468495e-03,-2.093400092777511490e-02
4.800000000000004263e-01,4.356819740964691934e-01,0.000000000000000000e+00,0.000000000000000000e+00,4.356862791078855435e-01,0.000000000000000000e+00,0.000000000000000000e+00,4.352886870231259531e-01,4.973181819559628625e-03,-2.076225225235744931e-02
4.900000000000002132e-01,4.356917196564557559e-01,0.000000000000000000e+00,0.000000000000000000e+00,4.356959445528958974e-01,0.000000000000000000e+00,0.000000000000000000e+00,4.352822579254292945e-01,5.043131795859565059e-03,-2.090956747014380279e-02
5.000000000000000000e-01,4.357013233536496943e-01,0.000000000000000000e+00,0.000000000000000000e+00,4.357057998685680555e-01,0.000000000000000000e+00,0.000000000000000000e+00,4.352734716767812095e-01,5.140517235950992081e-03,-2.091597855738472345e-02
5.099999999999997868e-01,4.357107871081736250e-01,0.000000000000000000e+00,0.000000000000000000e+00,4.357155089740958887e-01,0.000000000000000000e+00,0.000000000000000000e+00,4.352788548184380879e-01,4.995895328970434424e-03,-2.101044040355512510e-02
5.199999999999995737e-01,4.357201132703352742e-01,0.000000000000000000e+00,0.000000000000000000e+00,4.357250718694797298e-01,0.000000000000000000e+00,0.000000000000000000e+00,4.352995799831833601e-01,5.012957665596826096e-03,-2.074622738411899259e-02
5.299999999999993605e-01,4.357293046221771826e-01,0.000000000000000000e+00,0.000000000000000000e+00,4.357344885547192459e-01,0.000000000000000000e+00,0.000000000000000000e+00,4.353051142277352126e-01,5.149169994965271946e-03,-2.076980499293562543e-02
5.400000000000009237e-01,4.357383640514979617e-01,0.000000000000000000e+00,0.000000000000000000e+00,4.357437590298147700e-01,0.000000000000000000e+00,0.000000000000000000e+00,4.352750460692208501e-01,5.023348078778862302e-03,-2.152114906617616508e-02
5.500000000000007105e-01,4.357472929834764197e-01,0.000000000000000000e+00,0.000000000000000000e+00,4.357528832947660247e-01,0.000000000000000000e+00,0.000000000000000000e+00,4.353155831152606403e-01,5.065730370304652452e-03,-2.129250537785354336e-02
5.600000000000004974e-01,4.357560925881714953e-01,0.000000000000000000e+00,0.000000000000000000e+00,4.357618613495730098e-01,0.000000000000000000e+00,0.000000000000000000e+00,4.353252569087558976e-01,4.901635398140091748e-03,-2.118474547376911210e-02
5.700000000000002842e-01,4.357647643180647123e-01,0.000000000000000000e+00,0.000000000000000000e+00,4.357706931942359474e-01,0.000000000000000000e+00,0.000000000000000000e+00,4.353096279414678804e-01,5.052897919090436341e-03,-2.126216774786840458e-02
5.800000000000000711e-01,4.357733099088376139e-01,0.000000000000000000e+00,0.000000000000000000e+00,4.357793788287546710e-01,0.000000000000000000e+00,0.000000000000000000e+00,4.352900731293642966e-01,4.970718332644466497e-03,-2.147453124194165230e-02
5.899999999999998579e-01,4.357817313801371495e-01,0.000000000000000000e+00,0.000000000000000000e+00,4.357879182531292916e-01,0.000000000000000000e+00,0.000000000000000000e+00,4.352769139438393831e-01,4.916406000577244750e-03,-2.155037368911680296e-02
5.999999999999996447e-01,4.357900310365734331e-01,0.000000000000000000e+00,0.000000000000000000e+00,4.357963114673595872e-01,0.000000000000000000e+00,0.000000000000000000e+00,4.353101508667847064e-01,4.952751674665321902e-03,-2.116874438272658976e-02
6.099999999999994316e-01,4.357982113027147331e-01,0.000000000000000000e+00,0.000000000000000000e+00,4.358045584714457243e-01,0.000000000000000000e+00,0.000000000000000000e+00,4.353046547397655397e-01,5.021882749696865433e-03,-2.099921823918785013e-02
6.200000000000009948e-01,4.358062736180357555e-01,0.000000000000000000e+00,0.000000000000000000e+00,4.358126592653877585e-01,0.000000000000000000e+00,0.000000000000000000e+00,4.352907276849385942e-01,4.961785150989245219e-03,-2.118379479850837632e-02
6.300000000000007816e-01,4.358142191938494947e-01,0.000000000000000000e+00,0.000000000000000000e+00,4.358206138491854675e-01,0.000000000000000000e+00,0.000000000000000000e+00,4.352954070318177937e-01,4.983262860337289712e-03,-2.111310550955289300e-02
6.400000000000005684e-01,4.358220494243586485e-01,0.000000000000000000e+00,0.000000000000000000e+00,4.358284222228392957e-01,0.000000000000000000e+00,0.000000000000000000e+00,4.352881013468546945e-01,4.840831046056065512e-03,-2.132740112710665437e-02
6.500000000000003553e-01,4.358297658872316016e-01,0.000000000000000000e+00,0.000000000000000000e+00,4.358360843863487433e-01,0.000000000000000000e+00,0.000000000000000000e+00,4.352735517766677109e-01,5.164419700210316766e-03,-2.158408723571503263e-02
6.600000000000001421e-01,4.358373703441713043e-01,0.000000000000000000e+00,0.000000000000000000e+00,4.358436003397139769e-01,0.000000000000000000e+00,0.000000000000000000e+00,4.352601649993351751e-01,5.106345336947711033e-03,-2.164845575445370485e-02
6.699999999999999289e-01,4.358448647414764343e-01,0.000000000000000000e+00,0.000000000000000000e+00,4.358509700829350519e-01,0.000000000000000000e+00,0.000000000000000000e+00,4.352710213582623444e-01,4.965025455575977631e-03,-2.159589353193036576e-02
6.799999999999997158e-01,4.358522511717953241e-01,0.000000000000000000e+00,0.000000000000000000e+00,4.358581936160119685e-01,0.000000000000000000e+00,0.000000000000000000e+00,4.352555359608158980e-01,4.903927758756719546e-03,-2.154497973543720302e-02
6.899999999999995026e-01,4.358595310152514890e-01,0.000000000000000000e+00,0.000000000000000000e+00,4.358652709389448376e-01,0.000000000000000000e+00,0.000000000000000000e+00,4.352408196751296199e-01,5.093412058802822273e-03,-2.183799192390298294e-02
7.000000000000010658e-01,4.358667053530086988e-01,0.000000000000000000e+00,0.000000000000000000e+00,4.358724613442906959e-01,0.000000000000000000e+00,0.000000000000000000e+00,4.352459087869980925e-01,5.049047087633748432e-03,-2.178799540639805854e-02
7.100000000000008527e-01,4.358737754780769302e-01,0.000000000000000000e+00,0.000000000000000000e+00,4.358796784773205646e-01,0.000000000000000000e+00,0.000000000000000000e+00,4.352521347780181626e-01,4.981056562681863975e-03,-2.172152007338104540e-02
7.200000000000006395e-01,4.358807429104369358e-01,0.000000000000000000e+00,0.000000000000000000e+00,4.358867871615228484e-01,0.000000000000000000e+00,0.000000000000000000e+00,4.352764200644778647e-01,5.010341312102227496e-03,-2.172608957221691672e-02
7.300000000000004263e-01,4.358876083666095580e-01,0.000000000000000000e+00,0.000000000000000000e+00,4.358937873968980470e-01,0.000000000000000000e+00,0.000000000000000000e+00,4.353005250938416504e-01,4.991838602044988693e-03,-2.157529448948258821e-02
7.400000000000002132e-01,4.358943768705384469e-01,0.000000000000000000e+00,0.000000000000000000e+00,4.359006791834458827e-01,0.000000000000000000e+00,0.000000000000000000e+00,4.353012707133795400e-01,4.886644542347259867e-03,-2.144568203242519511e-02
7.500000000000000000e-01,4.359010478640256703e-01,0.000000000000000000e+00,0.000000000000000000e+00,4.359074625211664666e-01,0.000000000000000000e+00,0.000000000000000000e+00,4.352920400311443005e-01,4.954720972020397463e-03,-2.139599928536864426e-02
7.599999999999997868e-01,4.359076218722541252e-01,0.000000000000000000e+00,0.000000000000000000e+00,4.359141374100595767e-01,0.000000000000000000e+00,0.000000000000000000e+00,4.352951862103656699e-01,4.915356351446853456e-03,-2.111810153368104404e-02
7.699999999999995737e-01,4.359140999305182174e-01,0.000000000000000000e+00,0.000000000000000000e+00,4.359207038501254905e-01,0.000000000000000000e+00,0.000000000000000000e+00,4.352905779263287478e-01,4.975683110733063186e-03,-2.097512715642288472e-02
7.799999999999993605e-01,4.359204834976862508e-01,0.000000000000000000e+00,0.000000000000000000e+00,4.359271618413639859e-01,0.000000000000000000e+00,0.000000000000000000e+00,4.353193955021997796e-01,5.078948044145797924e-03,-2.128271903817086086e-02
7.900000000000009237e-01,4.359267741470916335e-01,0.000000000000000000e+00,0.000000000000000000e+00,4.359335113837752296e-01,0.000000000000000000e+00,0.000000000000000000e+00,4.353236313991027950e-01,5.126001109042148396e-03,-2.097368566919360910e-02
8.000000000000007105e-01,4.359329739536723092e-01,0.000000000000000000e+00,0.000000000000000000e+00,4.359397524773591659e-01,0.000000000000000000e+00,0.000000000000000000e+00,4.353251021591038050e-01,5.005215124209608235e-03,-2.088803606185965500e-02
8.100000000000004974e-01,4.359390849242243959e-01,0.000000000000000000e+00,0.000000000000000000e+00,4.359458851221156839e-01,0.000000000000000000e+00,0.000000000000000000e+00,4.353132843563080057e-01,5.103077471409832311e-03,-2.119206316384186772e-02
8.200000000000002842e-01,4.359451080246097288e-01,0.000000000000000000e+00,0.000000000000000000e+00,4.359519093180450056e-01,0.000000000000000000e+00,0.000000000000000000e+00,4.353330007794586898e-01,5.019294577636009003e-03,-2.088730545544367767e-02
8.300000000000000711e-01,4.359510438951977318e-01,0.000000000000000000e+00,0.000000000000000000e+00,4.359578250651470199e-01,0.000000000000000000e+00,0.000000000000000000e+00,4.353412221887675848e-01,4.994338005066732700e-03,-2.080541902662308429e-02
8.399999999999998579e-01,4.359568934419976727e-01,0.000000000000000000e+00,0.000000000000000000e+00,4.359636323634216715e-01,0.000000000000000000e+00,0.000000000000000000e+00,4.352957815006085474e-01,4.907032342060822783e-03,-2.090352374462989271e-02
8.499999999999996447e-01,4.359626578485887305e-01,0.000000000000000000e+00,0.000000000000000000e+00,4.359693312128687936e-01,0.000000000000000000e+00,0.000000000000000000e+00,4.352960534612907439e-01,5.075932901536732433e-03,-2.101397852869604788e-02
8.599999999999994316e-01,4.359683384508560300e-01,0.000000000000000000e+00,0.000000000000000000e+00,4.359749216134889971e-01,0.000000000000000000e+00,0.000000000000000000e+00,4.352921925778348022e-01,5.150237857380279838e-03,-2.100532821025674624e-02
8.700000000000009948e-01,4.359739368256765890e-01,0.000000000000000000e+00,0.000000000000000000e+00,4.359804035652815601e-01,0.000000000000000000e+00,0.000000000000000000e+00,4.352814187396522039e-01,5.125715535498814868e-03,-2.106018084144514746e-02
8.800000000000007816e-01,4.359794547669795794e-01,0.000000000000000000e+00,0.000000000000000000e+00,4.359857770682470934e-01,0.000000000000000000e+00,0.000000000000000000e+00,4.352822664242811390e-01,5.004747846887348806e-03,-2.089728819371905466e-02
8.900000000000005684e-01,4.359848932478471162e-01,0.000000000000000000e+00,0.000000000000000000e+00,4.359910421223850974e-01,0.000000000000000000e+00,0.000000000000000000e+00,4.352814990403348627e-01,5.117965187816798933e-03,-2.070986558229453989e-02
9.000000000000003553e-01,4.359902529488793865e-01,0.000000000000000000e+00,0.000000000000000000e+00,4.359962074350319239e-01,0.000000000000000000e+00,0.000000000000000000e+00,4.352756165577138514e-01,5.014969994251994301e-03,-2.090546444910112989e-02
9.100000000000001421e-01,4.359955346808361276e-01,0.000000000000000000e+00,0.000000000000000000e+00,4.360014578384091011e-01,0.000000000000000000e+00,0.000000000000000000e+00,4.353313733662618201e-01,4.951382719469724081e-03,-2.090181132286383914e-02
9.199999999999999289e-01,4.360007395542105368e-01,0.000000000000000000e+00,0.000000000000000000e+00,4.360066284255415536e-01,0.000000000000000000e+00,0.000000000000000000e+00,4.353532961290411674e-01,5.105782740392958430e-03,-2.088903993348859012e-02
9.299999999999997158e-01,4.360058688438721575e-01,0.000000000000000000e+00,0.000000000000000000e+00,4.360117205191714751e-01,0.000000000000000000e+00,0.000000000000000000e+00,4.353513882211653696e-01,5.034577816366257730e-03,-2.093974368926801444e-02
9.399999999999995026e-01,4.360109241733964303e-01,0.000000000000000000e+00,0.000000000000000000e+00,4.360167354420410035e-01,0.000000000000000000e+00,0.000000000000000000e+00,4.353488343557038176e-01,5.108935259337046841e-03,-2.096854939672440632e-02
9.500000000000010658e-01,4.360159072217288379e-01,0.000000000000000000e+00,0.000000000000000000e+00,4.360216745168926655e-01,0.000000000000000000e+00,0.000000000000000000e+00,4.353428198675896033e-01,5.241803029920895363e-03,-2.105420445864045198e-02
9.600000000000008527e-01,4.360208181861666143e-01,0.000000000000000000e+00,0.000000000000000000e+00,4.360265390664684326e-01,0.000000000000000000e+00,0.000000000000000000e+00,4.352715860113386404e-01,4.999635630028614885e-03,-2.137923631943777769e-02
9.700000000000006395e-01,4.360256575563934978e-01,0.000000000000000000e+00,0.000000000000000000e+00,4.360313304135108869e-01,0.000000000000000000e+00,0.000000000000000000e+00,4.352791992445969038e-01,4.954158932337575372e-03,-2.165312865961244171e-02
9.800000000000004263e-01,4.360304261204081544e-01,0.000000000000000000e+00,0.000000000000000000e+00,4.360360498807624441e-01,0.000000000000000000e+00,0.000000000000000000e+00,4.352781524518236633e-01,4.853455425836483705e-03,-2.154471508155805792e-02
9.900000000000002132e-01,4.360351251339563139e-01,0.000000000000000000e+00,0.000000000000000000e+00,4.360406987909649645e-01,0.000000000000000000e+00,0.000000000000000000e+00,4.352630848570601119e-01,5.075745089290997769e-03,-2.158963471781738530e-02
1.000000000000000000e+00,4.360397564570187567e-01,0.000000000000000000e+00,0.000000000000000000e+00,4.360452784668609749e-01,0.000000000000000000e+00,0.000000000000000000e+00,4.352497980853919923e-01,5.166866060631478130e-03,-2.162806782848511467e-02
1.009999999999999787e+00,4.360443223152291048e-01,0.000000000000000000e+00,0.000000000000000000e+00,4.360497902311928908e-01,0.000000000000000000e+00,0.000000000000000000e+00,4.352416160957710556e-01,4.966938214156120524e-03,-2.163215031019058432e-02
1.019999999999999574e+00,4.360488227853784315e-01,0.000000000000000000e+00,0.000000000000000000e+00,4.360542354067028503e-01,0.000000000000000000e+00,0.000000000000000000e+00,4.352815713427059530e-01,5.088151935387891234e-03,-2.106523507198346246e-02
1.030000000000001137e+00,4.360532579414940213e-01,0.000000000000000000e+00,0.000000000000000000e+00,4.360586153161331024e-01,0.000000000000000000e+00,0.000000000000000000e+00,4.352778322929757859e-01,5.099476172648470529e-03,-2.104283210457946751e-02
1.040000000000000924e+00,4.360576270249092445e-01,0.000000000000000000e+00,0.000000000000000000e+00,4.360629312822262849e-01,0.000000000000000000e+00,0.000000000000000000e+00,4.352803686043036357e-01,5.153861743326167144e-03,-2.115857492461153955e-02
1.050000000000000711e+00,4.360619332221729594e-01,0.000000000000000000e+00,0.000000000000000000e+00,4.360671846277240915e-01,0.000000000000000000e+00,0.000000000000000000e+00,4.352981175790567869e-01,4.950651347107093425e-03,-2.116655146971244128e-02
1.060000000000000497e+00,4.360661769366556140e-01,0.000000000000000000e+00,0.000000000000000000e+00,4.360713766753693266e-01,0.000000000000000000e+00,0.000000000000000000e+00,4.353078484816546023e-01,5.015597736306845467e-03,-2.127626653318534511e-02
1.070000000000000284e+00,4.360703589938729197e-01,0.000000000000000000e+00,0.000000000000000000e+00,4.360755087479040726e-01,0.000000000000000000e+00,0.000000000000000000e+00,4.353102562043801305e-01,5.099498629424499552e-03,-2.153020770156185981e-02
1.080000000000000071e+00,4.360744806251293793e-01,0.000000000000000000e+00,0.000000000000000000e+00,4.360795821680707451e-01,0.000000000000000000e+00,0.000000000000000000e+00,4.353064070292692600e-01,5.079374950983497894e-03,-2.153784910554573662e-02
1.089999999999999858e+00,4.360785431396528300e-01,0.000000000000000000e+00,0.000000000000000000e+00,4.360835982586112602e-01,0.000000000000000000e+00,0.000000000000000000e+00,4.352851400900256129e-01,5.135176806101093838e-03,-2.117917872404159740e-02
1.099999999999999645e+00,4.360825471654014573e-01,0.000000000000000000e+00,0.000000000000000000e+00,4.360875583422685331e-01,0.000000000000000000e+00,0.000000000000000000e+00,4.352908262968567810e-01,5.106488287139110405e-03,-2.098550534713136684e-02
1.109999999999999432e+00,4.360864931413417911e-01,0.000000000000000000e+00,0.000000000000000000e+00,4.360914597645692004e-01,0.000000000000000000e+00,0.000000000000000000e+00,4.352935028741314882e-01,5.106684498753594204e-03,-2.105316870272791463e-02
1.120000000000000995e+00,4.360903816833929247e-01,0.000000000000000000e+00,0.000000000000000000e+00,4.360952938028417880e-01,0.000000000000000000e+00,0.000000000000000000e+00,4.353061183647592980e-01,4.996727168096147531e-03,-2.094136074895769362e-02
1.130000000000000782e+00,4.360942135791702756e-01,0.000000000000000000e+00,0.000000000000000000e+00,4.360990626348973387e-01,0.000000000000000000e+00,0.000000000000000000e+00,4.353187966171115919e-01,4.938761170629267505e-03,-2.081478776646372708e-02
1.140000000000000568e+00,4.360979897861551602e-01,0.000000000000000000e+00,0.000000000000000000e+00,4.361027731111594141e-01,0.000000000000000000e+00,0.000000000000000000e+00,4.352851238601240791e-01,5.154696445285968098e-03,-2.103721522165444280e-02
1.150000000000000355e+00,4.361017120112825052e-01,-3.067591526386450763e-13,-1.266356224438681931e-12,4.361064249941462023e-01,-5.274412968715140311e-13,-2.096661987158584848e-12,4.353154362249693765e-01,5.205917071213941871e-03,-2.103925467674885863e-02
1.160000000000000142e+00,4.361212800059777739e-01,-1.056706604370548673e-05,-4.361557069482299102e-05,4.361258817300382451e-01,-1.018401457679870608e-05,-4.192637876882810159e-05,4.353407885021517432e-01,5.065429889608855096e-03,-2.110189915122462345e-02
1.169999999999999929e+00,4.362165602726011393e-01,-1.075016344966354753e-04,-4.473826129027142244e-04,4.362208076117823907e-01,-1.064691258168566618e-04,-4.428857511700679461e-04,4.353483302546017342e-01,5.025919859528334144e-03,-2.097743401744395220e-02
1.179999999999999716e+00,4.363860965902539579e-01,-3.673821357649179444e-04,-1.536294081415458474e-03,4.363901142069356309e-01,-3.653519354069276756e-04,-1.527519170281705805e-03,4.353553770834812653e-01,4.998089201957489625e-03,-2.085969656137229289e-02
1.189999999999999503e+00,4.366057548397325183e-01,-8.202999158714184471e-04,-3.439461826267124593e-03,4.366096496189484366e-01,-8.174746255805149077e-04,-3.427271113740421125e-03,4.353557325815602397e-01,4.939688578134308894e-03,-2.088849516801977169e-02
1.200000000000001066e+00,4.368467953599274867e-01,-1.468761465169591499e-03,-6.168586252171058548e-03,4.368506967227734350e-01,-1.465209346525803797e-03,-6.153265031945759182e-03,4.353539696356514277e-01,4.955241358079065517e-03,-2.094378976674710069e-02
1.210000000000000853e+00,4.370774544652966109e-01,-2.300279544566520042e-03,-9.671487601785650270e-03,4.370814447591033214e-01,-2.296303414302512842e-03,-9.654317110938705204e-03,4.353521996724948329e-01,4.970802697353983446e-03,-2.099908306516373724e-02
1.220000000000000639e+00,4.372654692731944293e-01,-3.294987060861217197e-03,-1.386448403825321120e-02,4.372696622273364309e-01,-3.290714354802612776e-03,-1.384599645575542402e-02,4.367721863463335241e-01,4.389130274583763480e-03,-2.110817676107018537e-02
1.230000000000000426e+00,4.373804395907280873e-01,-4.430140773117085054e-03,-1.865155036722689758e-02,4.373849414968750682e-01,-4.425717481362241752e-03,-1.863235396962493670e-02,4.374095278646699114e-01,4.150503950566507283e-03,-2.131821548002552080e-02
1.240000000000000213e+00,4.373955425621353088e-01,-5.682704166983741298e-03,-2.393531146757547218e-02,4.374003058549862377e-01,-5.678383805549430501e-03,-2.391648063209696889e-02,4.389689089082190465e-01,3.584974914064738283e-03,-2.234529669371732030e-02
1.250000000000000000e+00,4.372885198524844585e-01,-7.030758531480736824e-03,-2.962305419682776525e-02,4.372934979487598794e-01,-7.026615446353270261e-03,-2.960490325536564021e-02,4.391704817118287085e-01,3.327847797948341180e-03,-2.250656843469442392e-02
1.259999999999999787e+00,4.370420477101121803e-01,-8.454209184452957104e-03,-3.562974176756718986e-02,4.370472641324048557e-01,-8.450168770082410255e-03,-3.561195214948412874e-02,4.393693086232381972e-01,3.025760249713412009e-03,-2.272540880676343633e-02
1.269999999999999574e+00,4.366436581998822120e-01,-9.935075044608389708e-03,-4.187925612974617573e-02,4.366487045543545054e-01,-9.932269461636663438e-03,-4.186658875680338010e-02,4.395721899431432877e-01,2.659851533303662918e-03,-2.287033243503294733e-02
1.280000000000001137e+00,4.360853726191695201e-01,-1.145753828784808886e-02,-4.830461896018742318e-02,4.360896403867629556e-01,-1.145678751498263245e-02,-4.830049426574987981e-02,4.408554670423405764e-01,-3.283411508318595518e-03,-3.174489586112932971e-02
1.290000000000000924e+00,4.353631762303283859e-01,-1.300786127324365590e-02,-5.484764741801717580e-02,4.353665513134102327e-01,-1.300866377766668990e-02,-5.484987627867565774e-02,4.414914249804182678e-01,-4.973956436087875743e-03,-3.474549774200380581e-02
1.300000000000000711e+00,4.344764275922156083e-01,-1.457423532511896089e-02,-6.145831907747113798e-02,4.344781060103105608e-01,-1.457734717235014202e-02,-6.146997185062778174e-02,4.415250692971152136e-01,-5.428254595536384508e-03,-3.553478526509984414e-02
1.310000000000000497e+00,4.334272645377667543e-01,-1.614659970662365995e-02,-6.809400897905269756e-02,4.334283406662653992e-01,-1.615008032419548711e-02,-6.810672370867294767e-02,4.415011345325388081e-01,-5.744670227587879430e-03,-3.627722579382033907e-02
1.320000000000000284e+00,4.322200447116922861e-01,-1.771645301589449065e-02,-7.471869363005892439e-02,4.322196567006096335e-01,-1.772126495058258533e-02,-7.473630931187381921e-02,4.414703513453033246e-01,-6.016624117295497898e-03,-3.710876973199417339e-02
1.330000000000000071e+00,4.308608412835395751e-01,-1.927666961157519995e-02,-8.130217532570983840e-02,4.308608801249511067e-01,-1.928076673334833818e-02,-8.131574483795067643e-02,4.414538659265638820e-01,-6.482383397444741596e-03,-3.773806158625148122e-02
1.339999999999999858e+00,4.293570027496758090e-01,-2.082132758847484583e-02,-8.781935517556134496e-02,4.293564586461694477e-01,-2.082590350588610362e-02,-8.783348131093988986e-02,4.393651926661703566e-01,-1.227078080944215763e-02,-4.979654933738711375e-02
1.349999999999999645e+00,4.277167782504291416e-01,-2.234555159166758814e-02,-9.424956815653966202e-02,4.277174385129423051e-01,-2.234922537633324963e-02,-9.425798738777001196e-02,4.391885811507699744e-01,-1.321991646815727159e-02,-5.202181992821389156e-02
1.359999999999999432e+00,4.259490053362127160e-01,-2.384537138367785747e-02,-1.005759847495102804e-01,4.259497552134851595e-01,-2.384921222975704136e-02,-1.005831608369250618e-01,4.390663794362570371e-01,-1.388917505399724778e-02,-5.346978992010387177e-02
1.370000000000000995e+00,4.240628546721056380e-01,-2.531759605032803812e-02,-1.067850785897964810e-01,4.240652126179845771e-01,-2.532060525784828389e-02,-1.067867264714638109e-01,4.389662281305182212e-01,-1.423338370408096937e-02,-5.455863470578162233e-02
1.380000000000000782e+00,4.220676250686499209e-01,-2.675970305513009073e-02,-1.128661567686209677e-01,4.220714506256972309e-01,-2.676210538207246525e-02,-1.128634161000345859e-01,4.388565423967879520e-01,-1.460850450691113245e-02,-5.571849596171096763e-02
1.390000000000000568e+00,4.199725819713572283e-01,-2.816974099006135795e-02,-1.188109480159570408e-01,4.199775797001443212e-01,-2.817175197043562604e-02,-1.188051596544636018e-01,4.387612608538394854e-01,-1.500803577683600815e-02,-5.678369989779946669e-02
1.400000000000000355e+00,4.177868327925051695e-01,-2.954624476077866851e-02,-1.246132434038985382e-01,4.177931722741399789e-01,-2.954776203206751703e-02,-1.246043734107240702e-01,4.344449441138030776e-01,-2.321020110878104642e-02,-7.817652528620258612e-02
1.410000000000000142e+00,4.155192329976056254e-01,-3.088816185687811092e-02,-1.302685841308973691e-01,4.155269249477093196e-01,-3.088916433592170038e-02,-1.302569663516772724e-01,4.341002569144786216e-01,-2.402771513250124766e-02,-7.983805176627417621e-02
1.419999999999999929e+00,4.131783175207572323e-01,-3.219478856196756472e-02,-1.357739910908534187e-01,4.131867549106689741e-01,-3.219555193274840216e-02,-1.357612550169229881e-01,4.337867237907289120e-01,-2.436456653823831572e-02,-8.143745827033507800e-02
1.429999999999999716e+00,4.107722527800935497e-01,-3.346571486983879185e-02,-1.411277313093765029e-01,4.107816961841493364e-01,-3.346607968111333514e-02,-1.411134616382200002e-01,4.336118628786492790e-01,-2.473969428093715506e-02,-8.228425924859317231e-02
1.439999999999999503e+00,4.083088052451641636e-01,-3.470077696740854478e-02,-1.463291167384393188e-01,4.083186459644314592e-01,-3.470102713351554818e-02,-1.463146665613748176e-01,4.334082627617258376e-01,-2.513189557790241821e-02,-8.328446536590303206e-02
1.450000000000001066e+00,4.057953231422478102e-01,-3.590001645268049019e-02,-1.513783312824477922e-01,4.058056439819738292e-01,-3.590009403916658015e-02,-1.513635672976017810e-01,4.278277413934156170e-01,-3.179723521291183408e-02,-1.030590420617991665e-01
1.460000000000000853e+00,4.032387284499449609e-01,-3.706364540003437985e-02,-1.562762823994829908e-01,4.032493487115265118e-01,-3.706364880961819652e-02,-1.562615565167009835e-01,4.256072637967925898e-01,-3.421512794459097978e-02,-1.093031112897818735e-01
1.470000000000000639e+00,4.006455168339105311e-01,-3.819201634624459774e-02,-1.610244740670326025e-01,4.006562368311738509e-01,-3.819205636946539778e-02,-1.610101239670744255e-01,4.248904646797159179e-01,-3.467294757043226650e-02,-1.113589097392548993e-01
1.480000000000000426e+00,3.980217636032347683e-01,-3.928559671970510009e-02,-1.656248981939488496e-01,3.980326777374648684e-01,-3.928564094489211955e-02,-1.656107359992265438e-01,4.244648609510297543e-01,-3.521066811700339361e-02,-1.124374992392321027e-01
1.490000000000000213e+00,3.953731341326945370e-01,-4.034494701374088249e-02,-1.700799419880182906e-01,3.953840554597276569e-01,-4.034509172238243818e-02,-1.700662473421415133e-01,4.240700251447628855e-01,-3.602250954611806860e-02,-1.133157074737440179e-01
1.500000000000000000e+00,3.927048975034359013e-01,-4.137070222168835049e-02,-1.743923090695901068e-01,3.927159684498960357e-01,-4.137091120641766401e-02,-1.743788237153583998e-01,4.235694710262908336e-01,-3.650669528069634684e-02,-1.146920254566673736e-01
1.509999999999999787e+00,3.900219423682130815e-01,-4.236355599227571711e-02,-1.785649524372341646e-01,3.900330576809949434e-01,-4.236388054835703298e-02,-1.785518139898420453e-01,4.146400236012378615e-01,-4.366507535014592378e-02,-1.343217884394453110e-01
1.519999999999999574e+00,3.873287942607936962e-01,-4.332424726217558308e-02,-1.826010175835199589e-01,3.873394801888869199e-01,-4.332484717600201818e-02,-1.825888861634025750e-01,4.109119348864811450e-01,-4.611151019879303203e-02,-1.408079153482245938e-01
1.530000000000001137e+00,3.846296337384588204e-01,-4.425354894609688505e-02,-1.865037943393712538e-01,3.846397251928083127e-01,-4.425446706278512304e-02,-1.864928348479864828e-01,4.099602290205914823e-01,-4.640281642704459364e-02,-1.424859047228081155e-01
1.540000000000000924e+00,3.819283148862249733e-01,-4.515225831365667769e-02,-1.902766762202806050e-01,3.819380204768439424e-01,-4.515341376724388289e-02,-1.902665309379494296e-01,4.090446667626830290e-01,-4.692033909930687363e-02,-1.439864238219867587e-01
1.550000000000000711e+00,3.792283838274982943e-01,-4.602118896241788604e-02,-1.939231261588107713e-01,3.792382268602682016e-01,-4.602240826297787635e-02,-1.939130583268298957e-01,4.081163431669575514e-01,-4.741797932532685472e-02,-1.455309470152166551e-01
1.560000000000000497e+00,3.765330969719986043e-01,-4.686116401922119090e-02,-1.974466477353105653e-01,3.765426679324497816e-01,-4.686255442268214694e-02,-1.974371807657938904e-01,3.930449779680124101e-01,-5.371331479253078911e-02,-1.683701670238869907e-01
1.570000000000000284e+00,3.738454388073967349e-01,-4.767301050483799957e-02,-2.008507610802313659e-01,3.738547576478060686e-01,-4.767454082214164085e-02,-2.008418405036999088e-01,3.883842227592777530e-01,-5.471162325757725209e-02,-1.744028759478939428e-01
1.580000000000000071e+00,3.711681390944143732e-01,-4.845755457913634989e-02,-2.041389827948575375e-01,3.711775021251338957e-01,-4.845911236636592928e-02,-2.041302264750012585e-01,3.851468271460222192e-01,-5.538265755994718070e-02,-1.783811909586260902e-01
1.589999999999999858e+00,3.685036893730203045e-01,-4.921561764481416357e-02,-2.073148092748813565e-01,3.685134975817753178e-01,-4.921706493399292254e-02,-2.073057447355571292e-01,3.838906656911271753e-01,-5.600351935222623589e-02,-1.797460649957324241e-01
1.599999999999999645e+00,3.658543587186627311e-01,-4.994801308554214919e-02,-2.103817029604054811e-01,3.658643359118909366e-01,-4.994941823046845225e-02,-2.103726705643275685e-01,3.826057848112470738e-01,-5.629076042254230194e-02,-1.812743904188429955e-01
1.609999999999999432e+00,3.632222087174404868e-01,-5.065554366012763737e-02,-2.133430810510072440e-01,3.632324404880712398e-01,-5.065686189972330028e-02,-2.133339898970471327e-01,3.812977265529245985e-01,-5.552704568899108351e-02,-1.831815986096611837e-01
1.620000000000000995e+00,3.606091076450380628e-01,-5.133899930630608788e-02,-2.162023063568484782e-01,3.606196601650205613e-01,-5.134018988588132798e-02,-2.161930918089684517e-01,3.632241330640909593e-01,-5.846897578596609718e-02,-2.045938819582643620e-01
1.630000000000000782e+00,3.580167438542892211e-01,-5.199915544378858057e-02,-2.189626799294898951e-01,3.580276095420750204e-01,-5.200019684335362158e-02,-2.189533576646789104e-01,3.579800619263607819e-01,-5.955398428949192774e-02,-2.097911265929985059e-01
1.640000000000000568e+00,3.554466383829134046e-01,-5.263677158598031175e-02,-2.216274352340807940e-01,3.554575240074789866e-01,-5.263774645527000140e-02,-2.216183102960819218e-01,3.558476532632527389e-01,-6.007029647338807399e-02,-2.117000854627376083e-01
1.650000000000000355e+00,3.529444923841913440e-01,-5.324489080410554909e-02,-2.241716771479558279e-01,3.529556295416738099e-01,-5.324575856878049213e-02,-2.241624914220361198e-01,3.546353438675001746e-01,-6.012700562922063813e-02,-2.129011102823779589e-01
1.660000000000000142e+00,3.508320758184537702e-01,-5.376309477571815376e-02,-2.263636769134267923e-01,3.508440025877136437e-01,-5.376372777755213800e-02,-2.263538430347099006e-01,3.535313155202861601e-01,-6.021404982951977097e-02,-2.139122148883821628e-01
1.669999999999999929e+00,3.494497641226886331e-01,-5.412144268549263365e-02,-2.279211477528974850e-01,3.494609220800830029e-01,-5.412215653485396433e-02,-2.279118705894181418e-01,3.524514605094227759e-01,-6.039549990655227601e-02,-2.148577346578861846e-01
1.679999999999999716e+00,3.489558764581636163e-01,-5.428745422884499738e-02,-2.287086322320407428e-01,3.489643123985193274e-01,-5.428871404516264626e-02,-2.287018230725796075e-01,3.368443841964680052e-01,-6.013739559638347359e-02,-2.287457671745537213e-01
1.689999999999999503e+00,3.493769084297341787e-01,-5.425543420398604155e-02,-2.287000175811661762e-01,3.493832688672561249e-01,-5.425709539754694499e-02,-2.286950795252410129e-01,3.328415591323464762e-01,-5.983575591223721374e-02,-2.324481008291916784e-01
1.700000000000001066e+00,3.506618338397047285e-01,-5.403337257637289698e-02,-2.279254327820758597e-01,3.506667713468662462e-01,-5.403528309839928517e-02,-2.279217280478463281e-01,3.309934036773781729e-01,-5.955630298607030720e-02,-2.344387790740573574e-01
1.710000000000000853e+00,3.527176539053825111e-01,-5.363547460849685949e-02,-2.264405905509407624e-01,3.527213575306647475e-01,-5.363759708193219927e-02,-2.264379590527660358e-01,3.304223258578424804e-01,-5.938879867752523689e-02,-2.353014919127470461e-01
1.720000000000000639e+00,3.554325588938414549e-01,-5.307819825373448486e-02,-2.243105726574498859e-01,3.554354168868488761e-01,-5.308044830215212506e-02,-2.243086627670038968e-01,3.299737830605814493e-01,-5.974113214707661018e-02,-2.358622743031989211e-01
1.730000000000000426e+00,3.586904219002463590e-01,-5.237825910474330077e-02,-2.216016966104073505e-01,3.586929131988983999e-01,-5.238052521211571111e-02,-2.216000462359132284e-01,3.293853248082101448e-01,-5.953431687228365188e-02,-2.367615556071098748e-01
1.740000000000000213e+00,3.623793839122313454e-01,-5.155169643706870863e-02,-2.183777240626478822e-01,3.623813936886483567e-01,-5.155401346125428746e-02,-2.183764766168805327e-01,3.268690949531690704e-01,-5.787788046785558027e-02,-2.451564002862645641e-01
1.750000000000000000e+00,3.663965320916097723e-01,-5.061348850026609059e-02,-2.146983054378905909e-01,3.663976716999398642e-01,-5.061597005802760674e-02,-2.146979306002850807e-01,3.283230139173377582e-01,-5.674960543216544390e-02,-2.472820445585143523e-01
1.759999999999999787e+00,3.706500779231932663e-01,-4.957743874027194936e-02,-2.106185195733764892e-01,3.706502420796656261e-01,-4.958013218404010852e-02,-2.106192182175176120e-01,3.294602568056215208e-01,-5.639215885506543291e-02,-2.479704912932698124e-01
1.769999999999999574e+00,3.750599934659791801e-01,-4.845618690521630995e-02,-2.061889128899082879e-01,3.750594271874813646e-01,-4.845904280243323176e-02,-2.061904911068869473e-01,3.300735369434245614e-01,-5.612260678665166591e-02,-2.481956224434473668e-01
1.780000000000001137e+00,3.795577404886459894e-01,-4.726127154137543807e-02,-2.014557405193606876e-01,3.795567057100905362e-01,-4.726422790923564404e-02,-2.014579483716802122e-01,3.306974791827358429e-01,-5.585653368775263250e-02,-2.484057743257327422e-01
1.790000000000000924e+00,3.840855022438626754e-01,-4.600320873756039847e-02,-1.964612689827779646e-01,3.840836777695729176e-01,-4.600636795437026971e-02,-1.964645163579405995e-01,3.314084501932554883e-01,-5.579099350972661908e-02,-2.484549359887720521e-01
1.800000000000000711e+00,3.885951755660134732e-01,-4.469157170180662608e-02,-1.912440797762411937e-01,3.885926835824468073e-01,-4.469492430406691447e-02,-1.912483248910332723e-01,3.498642602386249356e-01,-5.214188964646419844e-02,-2.474487593040033406e-01
1.810000000000000497e+00,3.930472806082517256e-01,-4.333506535155405570e-02,-1.858393517937411143e-01,3.930437959536079995e-01,-4.333874343011710067e-02,-1.858451162281274105e-01,3.544337668686290410e-01,-5.129764348277107699e-02,-2.463105258395544561e-01
1.820000000000000284e+00,3.974098806135947237e-01,-4.194159438108202576e-02,-1.802791178714077125e-01,3.974057299569649926e-01,-4.194553367975029090e-02,-1.802861185537222299e-01,3.641432167388570784e-01,-4.922868862916447708e-02,-2.427854060795183178e-01
1.830000000000000071e+00,4.016575629024328187e-01,-4.051832513127886365e-02,-1.745924975392353085e-01,4.016530365234159961e-01,-4.052245988961966638e-02,-1.746004225881055971e-01,3.660228023189380231e-01,-4.894359134676357082e-02,-2.418234140829261802e-01
1.839999999999999858e+00,4.057705065998395422e-01,-3.907174219158249945e-02,-1.688059099730773172e-01,4.057657840365522794e-01,-3.907603731621091953e-02,-1.688145633382325261e-01,3.677689531469346962e-01,-4.867868306771693659e-02,-2.410592557680182602e-01
1.849999999999999645e+00,4.097336470142163845e-01,-3.760770054326360162e-02,-1.629432710246092597e-01,4.097293739108476829e-01,-3.761192518318283440e-02,-1.629516491010532253e-01,3.695711786026151247e-01,-4.837311597031136723e-02,-2.402187317009340795e-01
1.859999999999999432e+00,4.135359373724672993e-01,-3.613147408412145656e-02,-1.570261773120951720e-01,4.135319216417940869e-01,-3.613569537789351055e-02,-1.570345554946381006e-01,4.013712925403079002e-01,-4.186502323232942774e-02,-2.187034294516702060e-01
1.870000000000000995e+00,4.171697034389916792e-01,-3.464780092605020817e-02,-1.510740794796452957e-01,4.171663419469904821e-01,-3.465181734846570910e-02,-1.510817198102671066e-01,4.145264128775301149e-01,-3.787555325875605061e-02,-2.065817521261694989e-01
1.880000000000000782e+00,4.206300838695989919e-01,-3.316092599012823716e-02,-1.451044458817374594e-01,4.206271579735830213e-01,-3.316473325926787286e-02,-1.451116826646571545e-01,4.182021310471473186e-01,-3.692568989161699317e-02,-2.026305092032042732e-01
1.890000000000000568e+00,4.239145479997099564e-01,-3.167464091611651988e-02,-1.391329174733960394e-01,4.239121152521471148e-01,-3.167809151344633950e-02,-1.391395966971878673e-01,4.200769361526451862e-01,-3.620956921708771287e-02,-2.006303142451514032e-01
1.900000000000000355e+00,4.270224825222789788e-01,-3.019232172596972991e-02,-1.331734542074337058e-01,4.270204208094065534e-01,-3.019538058541005807e-02,-1.331797715540293803e-01,4.220356354037604341e-01,-3.575159086066351938e-02,-1.984094176142715826e-01
1.910000000000000142e+00,4.299548387890739232e-01,-2.871696394257442983e-02,-1.272384731928010992e-01,4.299530888657930872e-01,-2.871961505353205421e-02,-1.272445085700232847e-01,4.239890896575400081e-01,-3.516828002714719043e-02,-1.962215177234875318e-01
1.919999999999999929e+00,4.327138330248173625e-01,-2.725121555632507853e-02,-1.213389786171535922e-01,4.327124348188784442e-01,-2.725348103928611210e-02,-1.213445690392477294e-01,4.512924836824383501e-01,-2.671559515237564852e-02,-1.558805416925447551e-01
1.929999999999999716e+00,4.353026924331694358e-01,-2.579740778128586029e-02,-1.154846835243189679e-01,4.353015261938359415e-01,-2.579940572644694174e-02,-1.154900438814657343e-01,4.591498149767859749e-01,-2.458395507193413335e-02,-1.410037857723615840e-01
1.939999999999999503e+00,4.377254409057443896e-01,-2.435758355673624601e-02,-1.096841235633634754e-01,4.377245865893782950e-01,-2.435935668387803621e-02,-1.096889683342271299e-01,4.618917806391672487e-01,-2.394493270229676452e-02,-1.353362805965285798e-01
1.950000000000001066e+00,4.399867187650814970e-01,-2.293352408665490574e-02,-1.039447628087663417e-01,4.399860984685368126e-01,-2.293513417163737036e-02,-1.039492285398673499e-01,4.632077427353742394e-01,-2.308653227172822661e-02,-1.325834502067094745e-01
1.960000000000000853e+00,4.420916316576934402e-01,-2.152677319539511233e-02,-9.827309192241616420e-02,4.420912593329570095e-01,-2.152819466892448574e-02,-9.827707375641576981e-02,4.645788445447769366e-01,-2.262129851041864981e-02,-1.295707144142639322e-01
1.970000000000000639e+00,4.440456243368390288e-01,-2.013865996985882145e-02,-9.267471884245168101e-02,4.440454468395664822e-01,-2.013991069970921463e-02,-9.267831413452473632e-02,4.659365083183836242e-01,-2.236599348638509954e-02,-1.265673324526259691e-01
1.980000000000000426e+00,4.458543756472332920e-01,-1.877031937174711285e-02,-8.715445239740991779e-02,4.458543664434557741e-01,-1.877139421818980330e-02,-8.715769114024606024e-02,4.836180354493163636e-01,-1.437020686773539738e-02,-7.456771680122251111e-02
1.990000000000000213e+00,4.475237115242441943e-01,-1.742271125824718797e-02,-8.171637912872134479e-02,4.475238488405725024e-01,-1.742364018242483631e-02,-8.171927576530761683e-02,4.872061804907866778e-01,-1.182126535893417846e-02,-5.894478259258248420e-02
2.000000000000000000e+00,4.490595332703532505e-01,-1.609663771683846056e-02,-7.636393374062939998e-02,4.490597787039033451e-01,-1.609746272204301207e-02,-7.636657799029054894e-02,4.885342764500937296e-01,-1.117430487605045736e-02,-5.235163038349219256e-02
2.009999999999999787e+00,4.504677587602461397e-01,-1.479275892052130115e-02,-7.109996355255938927e-02,4.504681100977284691e-01,-1.479350510996534952e-02,-7.110230927738493689e-02,4.892012081358201314e-01,-1.070458225395885810e-02,-4.854461209650104414e-02
2.019999999999999574e+00,4.517542745676058069e-01,-1.351160754105449648e-02,-6.592678736764685798e-02,4.517547047883005429e-01,-1.351229013546501913e-02,-6.592890708916354647e-02,4.898485774183772845e-01,-1.008758304253838667e-02,-4.495586484478791833e-02
2.030000000000001137e+00,4.529248973000242762e-01,-1.225360190332008131e-02,-6.084624914223847603e-02,4.529254037143879974e-01,-1.225419543220804611e-02,-6.084811426628376763e-02,4.905126323203757854e-01,-9.124329342154024330e-03,-4.125150896781323850e-02
2.040000000000000924e+00,4.539853426837290318e-01,-1.101905794931169053e-02,-5.585976685386669777e-02,4.539859078663708858e-01,-1.101954539949163807e-02,-5.586142682819717625e-02,4.945224115003558074e-01,-4.368731924559721147e-04,1.951547064984329727e-02
2.050000000000000711e+00,4.549412011588595539e-01,-9.808200033945670485e-03,-5.096837695595765605e-02,4.549418183055753961e-01,-9.808553154514912387e-03,-5.096983053595757762e-02,4.937907518962928455e-01,2.312810368605665301e-03,3.986600051338320960e-02
2.060000000000000497e+00,4.557979189310525370e-01,-8.621170787983268094e-03,-4.617277475613495302e-02,4.557985780551641608e-01,-8.621408859137390246e-03,-4.617403460171414648e-02,4.932246809405904653e-01,3.350081037902401249e-03,4.740433923789755255e-02
